period,start,end,approve,disapprove,no_opinion,president
2009 Jan 9-11,2009-01-09,2009-01-11,34,61,5,Bush
2008 Dec 12-14,2008-12-12,2008-12-14,29,67,4,Bush
2008 Dec 4-7,2008-12-04,2008-12-07,32,61,7,Bush
2008 Nov 13-16,2008-11-13,2008-11-16,29,66,4,Bush
2008 Nov 7-9,2008-11-07,2008-11-09,28,68,5,Bush
2008 Oct 31-Nov 2,2008-10-31,2008-11-02,25,70,5,Bush
2008 Oct 23-26,2008-10-23,2008-10-26,31,66,3,Bush
2008 Oct 10-12,2008-10-10,2008-10-12,25,71,4,Bush
2008 Oct 3-5,2008-10-03,2008-10-05,25,70,6,Bush
2008 Sep 26-27,2008-09-26,2008-09-27,27,69,4,Bush
2008 Sep 8-11,2008-09-08,2008-09-11,31,65,4,Bush
2008 Sep 5-7,2008-09-05,2008-09-07,33,64,3,Bush
2008 Aug 21-23,2008-08-21,2008-08-23,29,66,5,Bush
2008 Aug 7-10,2008-08-07,2008-08-10,33,61,6,Bush
2008 Jul 25-27,2008-07-25,2008-07-27,32,65,3,Bush
2008 Jul 10-13,2008-07-10,2008-07-13,31,61,8,Bush
2008 Jun 15-19,2008-06-15,2008-06-19,28,68,4,Bush
2008 Jun 9-12,2008-06-09,2008-06-12,30,64,6,Bush
2008 May 30-Jun 1,2008-05-30,2008-06-01,28,68,4,Bush
2008 May 8-11,2008-05-08,2008-05-11,29,65,6,Bush
2008 May 1-3,2008-05-01,2008-05-03,28,67,5,Bush
2008 Apr 18-20,2008-04-18,2008-04-20,28,69,4,Bush
2008 Apr 6-9,2008-04-06,2008-04-09,28,67,5,Bush
2008 Mar 14-16,2008-03-14,2008-03-16,32,64,4,Bush
2008 Mar 6-9,2008-03-06,2008-03-09,32,64,4,Bush
2008 Feb 21-24,2008-02-21,2008-02-24,32,62,5,Bush
2008 Feb 11-14,2008-02-11,2008-02-14,31,65,4,Bush
2008 Feb 8-10,2008-02-08,2008-02-10,33,61,5,Bush
2008 Jan 30-Feb 2,2008-01-30,2008-02-02,34,61,5,Bush
2008 Jan 10-13,2008-01-10,2008-01-13,34,60,6,Bush
2008 Jan 4-6,2008-01-04,2008-01-06,32,64,4,Bush
2007 Dec 14-16,2007-12-14,2007-12-16,32,65,3,Bush
2007 Dec 6-9,2007-12-06,2007-12-09,37,57,5,Bush
2007 Nov 30-Dec 2,2007-11-30,2007-12-02,34,62,4,Bush
2007 Nov 11-14,2007-11-11,2007-11-14,32,61,7,Bush
2007 Nov 2-4,2007-11-02,2007-11-04,31,64,5,Bush
2007 Oct 12-14,2007-10-12,2007-10-14,32,64,3,Bush
2007 Oct 4-7,2007-10-04,2007-10-07,32,64,4,Bush
2007 Sep 14-16,2007-09-14,2007-09-16,36,62,2,Bush
2007 Sep 7-8,2007-09-07,2007-09-08,33,62,5,Bush
2007 Aug 13-16,2007-08-13,2007-08-16,32,63,5,Bush
2007 Aug 3-5,2007-08-03,2007-08-05,34,62,4,Bush
2007 Jul 12-15,2007-07-12,2007-07-15,31,63,6,Bush
2007 Jul 6-8,2007-07-06,2007-07-08,29,66,5,Bush
2007 Jun 11-14,2007-06-11,2007-06-14,32,65,3,Bush
2007 Jun 1-3,2007-06-01,2007-06-03,32,62,6,Bush
2007 May 10-13,2007-05-10,2007-05-13,33,62,5,Bush
2007 May 4-6,2007-05-04,2007-05-06,34,63,3,Bush
2007 Apr 13-15,2007-04-13,2007-04-15,36,60,4,Bush
2007 Apr 2-5,2007-04-02,2007-04-05,38,58,4,Bush
2007 Mar 23-25,2007-03-23,2007-03-25,34,62,4,Bush
2007 Mar 11-14,2007-03-11,2007-03-14,35,61,4,Bush
2007 Mar 2-4,2007-03-02,2007-03-04,33,63,4,Bush
2007 Feb 9-11,2007-02-09,2007-02-11,37,59,3,Bush
2007 Feb 1-4,2007-02-01,2007-02-04,32,65,4,Bush
2007 Jan 15-18,2007-01-15,2007-01-18,36,61,3,Bush
2007 Jan 12-14,2007-01-12,2007-01-14,34,63,4,Bush
2007 Jan 5-7,2007-01-05,2007-01-07,37,59,4,Bush
2006 Dec 11-14,2006-12-11,2006-12-14,35,61,4,Bush
2006 Dec 8-10,2006-12-08,2006-12-10,38,59,4,Bush
2006 Nov 9-12,2006-11-09,2006-11-12,33,62,4,Bush
2006 Nov 2-5,2006-11-02,2006-11-05,38,56,6,Bush
2006 Oct 20-22,2006-10-20,2006-10-22,37,58,4,Bush
2006 Oct 9-12,2006-10-09,2006-10-12,37,57,6,Bush
2006 Oct 6-8,2006-10-06,2006-10-08,37,59,4,Bush
2006 Sep 15-17,2006-09-15,2006-09-17,44,51,5,Bush
2006 Sep 7-10,2006-09-07,2006-09-10,39,56,5,Bush
2006 Aug 18-20,2006-08-18,2006-08-20,42,54,4,Bush
2006 Aug 7-10,2006-08-07,2006-08-10,37,59,4,Bush
2006 Jul 28-30,2006-07-28,2006-07-30,40,56,4,Bush
2006 Jul 21-23,2006-07-21,2006-07-23,37,59,4,Bush
2006 Jul 6-9,2006-07-06,2006-07-09,40,55,5,Bush
2006 Jun 23-25,2006-06-23,2006-06-25,37,60,3,Bush
2006 Jun 9-11,2006-06-09,2006-06-11,38,56,6,Bush
2006 Jun 1-4,2006-06-01,2006-06-04,36,57,6,Bush
2006 May 8-11,2006-05-08,2006-05-11,33,61,6,Bush
2006 May 5-7,2006-05-05,2006-05-07,31,65,5,Bush
2006 Apr 28-30,2006-04-28,2006-04-30,34,63,3,Bush
2006 Apr 10-13,2006-04-10,2006-04-13,36,59,5,Bush
2006 Apr 7-9,2006-04-07,2006-04-09,37,60,3,Bush
2006 Mar 13-16,2006-03-13,2006-03-16,37,59,5,Bush
2006 Mar 10-12,2006-03-10,2006-03-12,36,60,4,Bush
2006 Feb 28-Mar 1,2006-02-28,2006-03-01,38,60,2,Bush
2006 Feb 9-12,2006-02-09,2006-02-12,39,56,4,Bush
2006 Feb 6-9,2006-02-06,2006-02-09,42,55,4,Bush
2006 Jan 20-22,2006-01-20,2006-01-22,43,54,4,Bush
2006 Jan 9-12,2006-01-09,2006-01-12,43,53,4,Bush
2006 Jan 6-8,2006-01-06,2006-01-08,43,54,3,Bush
2005 Dec 19-22,2005-12-19,2005-12-22,43,53,4,Bush
2005 Dec 16-18,2005-12-16,2005-12-18,41,56,3,Bush
2005 Dec 9-11,2005-12-09,2005-12-11,42,55,3,Bush
2005 Dec 5-8,2005-12-05,2005-12-08,43,52,5,Bush
2005 Nov 17-20,2005-11-17,2005-11-20,38,57,5,Bush
2005 Nov 11-13,2005-11-11,2005-11-13,37,60,3,Bush
2005 Nov 7-10,2005-11-07,2005-11-10,40,55,5,Bush
2005 Oct 28-30,2005-10-28,2005-10-30,41,56,3,Bush
2005 Oct 24-26,2005-10-24,2005-10-26,41,56,3,Bush
2005 Oct 21-23,2005-10-21,2005-10-23,42,55,3,Bush
2005 Oct 13-16,2005-10-13,2005-10-16,39,58,3,Bush
2005 Sep 26-28,2005-09-26,2005-09-28,45,50,5,Bush
2005 Sep 16-18,2005-09-16,2005-09-18,40,58,2,Bush
2005 Sep 12-15,2005-09-12,2005-09-15,45,52,3,Bush
2005 Sep 8-11,2005-09-08,2005-09-11,46,51,3,Bush
2005 Aug 28-30,2005-08-28,2005-08-30,45,52,3,Bush
2005 Aug 22-25,2005-08-22,2005-08-25,40,56,4,Bush
2005 Aug 8-11,2005-08-08,2005-08-11,45,51,4,Bush
2005 Aug 5-7,2005-08-05,2005-08-07,45,51,4,Bush
2005 Jul 25-28,2005-07-25,2005-07-28,44,51,5,Bush
2005 Jul 22-24,2005-07-22,2005-07-24,49,48,3,Bush
2005 Jul 7-10,2005-07-07,2005-07-10,49,48,3,Bush
2005 Jun 29-30,2005-06-29,2005-06-30,46,51,3,Bush
2005 Jun 24-26,2005-06-24,2005-06-26,45,53,2,Bush
2005 Jun 16-19,2005-06-16,2005-06-19,47,51,2,Bush
2005 Jun 6-8,2005-06-06,2005-06-08,47,49,4,Bush
2005 May 23-26,2005-05-23,2005-05-26,48,47,5,Bush
2005 May 20-22,2005-05-20,2005-05-22,46,50,4,Bush
2005 May 2-5,2005-05-02,2005-05-05,50,45,5,Bush
2005 Apr 29-May 1,2005-04-29,2005-05-01,48,49,3,Bush
2005 Apr 18-21,2005-04-18,2005-04-21,48,49,3,Bush
2005 Apr 4-7,2005-04-04,2005-04-07,50,45,5,Bush
2005 Apr 1-2,2005-04-01,2005-04-02,48,48,4,Bush
2005 Mar 21-23,2005-03-21,2005-03-23,45,49,6,Bush
2005 Mar 18-20,2005-03-18,2005-03-20,52,44,4,Bush
2005 Mar 7-10,2005-03-07,2005-03-10,52,44,4,Bush
2005 Feb 25-26,2005-02-25,2005-02-26,52,45,3,Bush
2005 Feb 21-24,2005-02-21,2005-02-24,51,45,4,Bush
2005 Feb 7-10,2005-02-07,2005-02-10,49,48,3,Bush
2005 Feb 4-6,2005-02-04,2005-02-06,57,40,3,Bush
2005 Jan 14-16,2005-01-14,2005-01-16,51,46,3,Bush
2005 Jan 7-9,2005-01-07,2005-01-09,52,44,4,Bush
2005 Jan 3-5,2005-01-03,2005-01-05,52,44,4,Bush
2004 Dec 17-19,2004-12-17,2004-12-19,49,46,5,Bush
2004 Dec 5-8,2004-12-05,2004-12-08,53,44,3,Bush
2004 Nov 19-21,2004-11-19,2004-11-21,55,42,3,Bush
2004 Nov 7-10,2004-11-07,2004-11-10,53,44,3,Bush
2004 Oct 29-31,2004-10-29,2004-10-31,48,47,5,Bush
2004 Oct 22-24,2004-10-22,2004-10-24,51,46,3,Bush
2004 Oct 14-16,2004-10-14,2004-10-16,51,47,2,Bush
2004 Oct 11-14,2004-10-11,2004-10-14,48,49,3,Bush
2004 Oct 9-10,2004-10-09,2004-10-10,47,49,4,Bush
2004 Oct 1-3,2004-10-01,2004-10-03,50,48,2,Bush
2004 Sep 24-26,2004-09-24,2004-09-26,54,44,2,Bush
2004 Sep 13-15,2004-09-13,2004-09-15,52,45,3,Bush
2004 Sep 3-5,2004-09-03,2004-09-05,52,46,2,Bush
2004 Aug 23-25,2004-08-23,2004-08-25,49,47,4,Bush
2004 Aug 9-11,2004-08-09,2004-08-11,51,46,3,Bush
2004 Jul 30-Aug 1,2004-07-30,2004-08-01,48,49,3,Bush
2004 Jul 19-21,2004-07-19,2004-07-21,49,47,4,Bush
2004 Jul 8-11,2004-07-08,2004-07-11,47,49,4,Bush
2004 Jun 21-23,2004-06-21,2004-06-23,48,49,3,Bush
2004 Jun 3-6,2004-06-03,2004-06-06,49,49,2,Bush
2004 May 21-23,2004-05-21,2004-05-23,47,49,4,Bush
2004 May 7-9,2004-05-07,2004-05-09,46,51,3,Bush
2004 May 2-4,2004-05-02,2004-05-04,49,48,3,Bush
2004 Apr 16-18,2004-04-16,2004-04-18,52,45,3,Bush
2004 Apr 5-8,2004-04-05,2004-04-08,52,45,3,Bush
2004 Mar 26-28,2004-03-26,2004-03-28,53,44,3,Bush
2004 Mar 8-11,2004-03-08,2004-03-11,50,47,3,Bush
2004 Mar 5-7,2004-03-05,2004-03-07,49,48,3,Bush
2004 Feb 16-17,2004-02-16,2004-02-17,51,46,3,Bush
2004 Feb 9-12,2004-02-09,2004-02-12,51,46,3,Bush
2004 Feb 6-8,2004-02-06,2004-02-08,52,44,4,Bush
2004 Jan 29-Feb 1,2004-01-29,2004-02-01,49,48,3,Bush
2004 Jan 12-15,2004-01-12,2004-01-15,53,44,3,Bush
2004 Jan 9-11,2004-01-09,2004-01-11,59,38,3,Bush
2004 Jan 2-5,2004-01-02,2004-01-05,60,35,5,Bush
2003 Dec 15-16,2003-12-15,2003-12-16,63,34,3,Bush
2003 Dec 11-14,2003-12-11,2003-12-14,56,41,3,Bush
2003 Dec 5-7,2003-12-05,2003-12-07,55,43,2,Bush
2003 Nov 14-16,2003-11-14,2003-11-16,50,47,3,Bush
2003 Nov 10-12,2003-11-10,2003-11-12,51,45,4,Bush
2003 Nov 3-5,2003-11-03,2003-11-05,54,43,3,Bush
2003 Oct 24-26,2003-10-24,2003-10-26,53,42,5,Bush
2003 Oct 10-12,2003-10-10,2003-10-12,56,40,4,Bush
2003 Oct 6-8,2003-10-06,2003-10-08,55,42,3,Bush
2003 Sep 19-21,2003-09-19,2003-09-21,50,47,3,Bush
2003 Sep 8-10,2003-09-08,2003-09-10,52,43,5,Bush
2003 Aug 25-26,2003-08-25,2003-08-26,59,37,4,Bush
2003 Aug 4-6,2003-08-04,2003-08-06,60,36,4,Bush
2003 Jul 25-27,2003-07-25,2003-07-27,58,38,4,Bush
2003 Jul 18-20,2003-07-18,2003-07-20,59,38,3,Bush
2003 Jul 7-9,2003-07-07,2003-07-09,62,34,4,Bush
2003 Jun 27-29,2003-06-27,2003-06-29,61,36,3,Bush
2003 Jun 12-15,2003-06-12,2003-06-15,63,33,4,Bush
2003 Jun 9-10,2003-06-09,2003-06-10,62,34,4,Bush
2003 May 30-Jun 1,2003-05-30,2003-06-01,64,32,4,Bush
2003 May 19-21,2003-05-19,2003-05-21,66,30,4,Bush
2003 May 5-7,2003-05-05,2003-05-07,69,28,3,Bush
2003 Apr 22-23,2003-04-22,2003-04-23,70,26,4,Bush
2003 Apr 14-16,2003-04-14,2003-04-16,71,24,5,Bush
2003 Apr 7-9,2003-04-07,2003-04-09,69,26,5,Bush
2003 Apr 5-6,2003-04-05,2003-04-06,70,27,3,Bush
2003 Mar 29-30,2003-03-29,2003-03-30,71,26,3,Bush
2003 Mar 24-25,2003-03-24,2003-03-25,69,27,4,Bush
2003 Mar 22-23,2003-03-22,2003-03-23,71,25,4,Bush
2003 Mar 14-15,2003-03-14,2003-03-15,58,38,4,Bush
2003 Mar 3-5,2003-03-03,2003-03-05,57,37,6,Bush
2003 Feb 24-26,2003-02-24,2003-02-26,57,37,6,Bush
2003 Feb 17-19,2003-02-17,2003-02-19,58,37,5,Bush
2003 Feb 7-9,2003-02-07,2003-02-09,61,34,5,Bush
2003 Feb 3-6,2003-02-03,2003-02-06,59,35,6,Bush
2003 Jan 31-Feb 2,2003-01-31,2003-02-02,61,35,4,Bush
2003 Jan 23-25,2003-01-23,2003-01-25,60,36,4,Bush
2003 Jan 20-22,2003-01-20,2003-01-22,58,36,6,Bush
2003 Jan 13-16,2003-01-13,2003-01-16,61,34,5,Bush
2003 Jan 10-12,2003-01-10,2003-01-12,58,37,5,Bush
2003 Jan 3-5,2003-01-03,2003-01-05,63,32,5,Bush
2002 Dec 19-22,2002-12-19,2002-12-22,61,32,7,Bush
2002 Dec 16-17,2002-12-16,2002-12-17,63,33,4,Bush
2002 Dec 9-10,2002-12-09,2002-12-10,63,32,5,Bush
2002 Dec 5-8,2002-12-05,2002-12-08,64,29,7,Bush
2002 Nov 22-24,2002-11-22,2002-11-24,65,28,7,Bush
2002 Nov 11-14,2002-11-11,2002-11-14,66,26,8,Bush
2002 Nov 8-10,2002-11-08,2002-11-10,68,27,5,Bush
2002 Oct 31-Nov 3,2002-10-31,2002-11-03,63,29,8,Bush
2002 Oct 21-22,2002-10-21,2002-10-22,67,28,5,Bush
2002 Oct 14-17,2002-10-14,2002-10-17,62,31,7,Bush
2002 Oct 3-6,2002-10-03,2002-10-06,67,28,5,Bush
2002 Sep 23-26,2002-09-23,2002-09-26,68,26,6,Bush
2002 Sep 20-22,2002-09-20,2002-09-22,66,30,4,Bush
2002 Sep 13-16,2002-09-13,2002-09-16,70,26,4,Bush
2002 Sep 5-8,2002-09-05,2002-09-08,66,30,4,Bush
2002 Sep 2-4,2002-09-02,2002-09-04,66,29,5,Bush
2002 Aug 19-21,2002-08-19,2002-08-21,65,28,7,Bush
2002 Aug 5-8,2002-08-05,2002-08-08,68,26,6,Bush
2002 Jul 29-31,2002-07-29,2002-07-31,71,23,6,Bush
2002 Jul 26-28,2002-07-26,2002-07-28,69,26,5,Bush
2002 Jul 22-24,2002-07-22,2002-07-24,69,24,7,Bush
2002 Jul 9-11,2002-07-09,2002-07-11,73,21,6,Bush
2002 Jul 5-8,2002-07-05,2002-07-08,76,18,6,Bush
2002 Jun 28-30,2002-06-28,2002-06-30,76,19,5,Bush
2002 Jun 21-23,2002-06-21,2002-06-23,73,21,6,Bush
2002 Jun 17-19,2002-06-17,2002-06-19,74,20,6,Bush
2002 Jun 7-8,2002-06-07,2002-06-08,74,18,8,Bush
2002 Jun 3-6,2002-06-03,2002-06-06,70,23,7,Bush
2002 May 28-29,2002-05-28,2002-05-29,77,17,6,Bush
2002 May 20-22,2002-05-20,2002-05-22,76,17,7,Bush
2002 May 6-9,2002-05-06,2002-05-09,76,19,5,Bush
2002 Apr 29-May 1,2002-04-29,2002-05-01,77,20,3,Bush
2002 Apr 22-24,2002-04-22,2002-04-24,77,17,6,Bush
2002 Apr 8-11,2002-04-08,2002-04-11,75,20,5,Bush
2002 Apr 5-7,2002-04-05,2002-04-07,76,19,5,Bush
2002 Mar 22-24,2002-03-22,2002-03-24,79,17,4,Bush
2002 Mar 18-20,2002-03-18,2002-03-20,79,16,5,Bush
2002 Mar 8-9,2002-03-08,2002-03-09,80,14,6,Bush
2002 Mar 4-7,2002-03-04,2002-03-07,77,18,5,Bush
2002 Mar 1-3,2002-03-01,2002-03-03,81,14,5,Bush
2002 Feb 8-10,2002-02-08,2002-02-10,82,14,4,Bush
2002 Feb 4-6,2002-02-04,2002-02-06,82,14,4,Bush
2002 Jan 25-27,2002-01-25,2002-01-27,84,13,3,Bush
2002 Jan 11-14,2002-01-11,2002-01-14,83,13,4,Bush
2002 Jan 7-9,2002-01-07,2002-01-09,84,12,4,Bush
2001 Dec 14-16,2001-12-14,2001-12-16,86,11,3,Bush
2001 Dec 6-9,2001-12-06,2001-12-09,86,10,4,Bush
2001 Nov 26-27,2001-11-26,2001-11-27,87,8,5,Bush
2001 Nov 8-11,2001-11-08,2001-11-11,87,9,4,Bush
2001 Nov 2-4,2001-11-02,2001-11-04,87,9,4,Bush
2001 Oct 19-21,2001-10-19,2001-10-21,88,9,3,Bush
2001 Oct 11-14,2001-10-11,2001-10-14,89,8,3,Bush
2001 Oct 5-6,2001-10-05,2001-10-06,87,10,3,Bush
2001 Sep 21-22,2001-09-21,2001-09-22,90,6,4,Bush
2001 Sep 14-15,2001-09-14,2001-09-15,86,10,4,Bush
2001 Sep 7-10,2001-09-07,2001-09-10,51,39,10,Bush
2001 Aug 24-26,2001-08-24,2001-08-26,55,36,9,Bush
2001 Aug 16-19,2001-08-16,2001-08-19,57,34,9,Bush
2001 Aug 10-12,2001-08-10,2001-08-12,57,35,8,Bush
2001 Aug 3-5,2001-08-03,2001-08-05,55,35,10,Bush
2001 Jul 19-22,2001-07-19,2001-07-22,56,33,11,Bush
2001 Jul 10-11,2001-07-10,2001-07-11,57,35,8,Bush
2001 Jun 28-Jul 1,2001-06-28,2001-07-01,52,34,14,Bush
2001 Jun 11-17,2001-06-11,2001-06-17,55,33,12,Bush
2001 Jun 8-10,2001-06-08,2001-06-10,55,35,10,Bush
2001 May 18-20,2001-05-18,2001-05-20,56,36,8,Bush
2001 May 10-14,2001-05-10,2001-05-14,56,31,13,Bush
2001 May 7-9,2001-05-07,2001-05-09,53,33,14,Bush
2001 Apr 20-22,2001-04-20,2001-04-22,62,29,9,Bush
2001 Apr 6-8,2001-04-06,2001-04-08,59,30,11,Bush
2001 Mar 26-28,2001-03-26,2001-03-28,53,29,18,Bush
2001 Mar 9-11,2001-03-09,2001-03-11,58,29,13,Bush
2001 Mar 5-7,2001-03-05,2001-03-07,63,22,15,Bush
2001 Feb 19-21,2001-02-19,2001-02-21,62,21,17,Bush
2001 Feb 9-11,2001-02-09,2001-02-11,57,25,18,Bush
2001 Feb 1-4,2001-02-01,2001-02-04,57,25,18,Bush
2017 Jan 16-19,2017-01-16,2017-01-19,59,37,4,Obama
2017 Jan 9-15,2017-01-09,2017-01-15,57,39,4,Obama
2017 Jan 2-8,2017-01-02,2017-01-08,55,42,3,Obama
2016 Dec 26-2017 Jan 1,2016-12-26,2017-01-01,55,40,4,Obama
2016 Dec 19-25,2016-12-19,2016-12-25,56,40,3,Obama
2016 Dec 12-18,2016-12-12,2016-12-18,56,40,4,Obama
2016 Dec 5-11,2016-12-05,2016-12-11,57,40,3,Obama
2016 Nov 28-Dec 4,2016-11-28,2016-12-04,54,43,3,Obama
2016 Nov 21-27,2016-11-21,2016-11-27,56,40,4,Obama
2016 Nov 14-20,2016-11-14,2016-11-20,56,41,3,Obama
2016 Nov 7-13,2016-11-07,2016-11-13,57,41,3,Obama
2016 Oct 31-Nov 6,2016-10-31,2016-11-06,53,45,2,Obama
2016 Oct 24-30,2016-10-24,2016-10-30,54,44,3,Obama
2016 Oct 17-23,2016-10-17,2016-10-23,55,42,3,Obama
2016 Oct 10-16,2016-10-10,2016-10-16,54,43,4,Obama
2016 Oct 3-9,2016-10-03,2016-10-09,52,45,3,Obama
2016 Sep 26-Oct 2,2016-09-26,2016-10-02,53,44,4,Obama
2016 Sep 19-25,2016-09-19,2016-09-25,53,43,4,Obama
2016 Sep 12-18,2016-09-12,2016-09-18,52,44,4,Obama
2016 Sep 5-11,2016-09-05,2016-09-11,51,45,4,Obama
2016 Aug 29-Sep 4,2016-08-29,2016-09-04,52,44,5,Obama
2016 Aug 22-28,2016-08-22,2016-08-28,51,45,5,Obama
2016 Aug 15-21,2016-08-15,2016-08-21,51,44,4,Obama
2016 Aug 8-14,2016-08-08,2016-08-14,52,44,4,Obama
2016 Aug 1-7,2016-08-01,2016-08-07,52,45,4,Obama
2016 Jul 25-31,2016-07-25,2016-07-31,53,44,4,Obama
2016 Jul 18-24,2016-07-18,2016-07-24,49,47,4,Obama
2016 Jul 11-17,2016-07-11,2016-07-17,49,46,5,Obama
2016 Jul 4-10,2016-07-04,2016-07-10,51,45,4,Obama
2016 Jun 27-Jul 3,2016-06-27,2016-07-03,51,45,5,Obama
2016 Jun 20-26,2016-06-20,2016-06-26,50,46,5,Obama
2016 Jun 13-19,2016-06-13,2016-06-19,53,44,4,Obama
2016 Jun 6-12,2016-06-06,2016-06-12,53,43,4,Obama
2016 May 30-Jun 5,2016-05-30,2016-06-05,51,44,5,Obama
2016 May 23-29,2016-05-23,2016-05-29,52,44,4,Obama
2016 May 16-22,2016-05-16,2016-05-22,51,45,5,Obama
2016 May 9-15,2016-05-09,2016-05-15,51,45,4,Obama
2016 May 2-8,2016-05-02,2016-05-08,52,44,4,Obama
2016 Apr 25-May 1,2016-04-25,2016-05-01,51,46,4,Obama
2016 Apr 18-24,2016-04-18,2016-04-24,51,45,4,Obama
2016 Apr 11-17,2016-04-11,2016-04-17,48,47,4,Obama
2016 Apr 4-10,2016-04-04,2016-04-10,51,45,4,Obama
2016 Mar 28-Apr 3,2016-03-28,2016-04-03,51,45,4,Obama
2016 Mar 21-27,2016-03-21,2016-03-27,53,44,3,Obama
2016 Mar 14-20,2016-03-14,2016-03-20,50,46,4,Obama
2016 Mar 7-13,2016-03-07,2016-03-13,51,45,4,Obama
2016 Feb 29-Mar 6,2016-02-29,2016-03-06,50,46,4,Obama
2016 Feb 22-28,2016-02-22,2016-02-28,48,47,5,Obama
2016 Feb 15-21,2016-02-15,2016-02-21,48,48,4,Obama
2016 Feb 8-14,2016-02-08,2016-02-14,48,48,4,Obama
2016 Feb 1-7,2016-02-01,2016-02-07,47,50,3,Obama
2016 Jan 25-31,2016-01-25,2016-01-31,48,48,4,Obama
2016 Jan 18-24,2016-01-18,2016-01-24,48,47,5,Obama
2016 Jan 11-17,2016-01-11,2016-01-17,48,47,5,Obama
2016 Jan 4-10,2016-01-04,2016-01-10,47,49,4,Obama
2015 Dec 28-2016 Jan 3,2015-12-28,2016-01-03,45,52,4,Obama
2015 Dec 21-27,2015-12-21,2015-12-27,48,49,3,Obama
2015 Dec 14-20,2015-12-14,2015-12-20,45,51,5,Obama
2015 Dec 7-13,2015-12-07,2015-12-13,45,50,5,Obama
2015 Nov 30-Dec 6,2015-11-30,2015-12-06,47,49,4,Obama
2015 Nov 23-29,2015-11-23,2015-11-29,46,49,5,Obama
2015 Nov 16-22,2015-11-16,2015-11-22,44,52,4,Obama
2015 Nov 9-15,2015-11-09,2015-11-15,49,47,4,Obama
2015 Nov 2-8,2015-11-02,2015-11-08,49,48,3,Obama
2015 Oct 26-Nov 1,2015-10-26,2015-11-01,47,49,4,Obama
2015 Oct 19-25,2015-10-19,2015-10-25,46,50,4,Obama
2015 Oct 12-18,2015-10-12,2015-10-18,46,50,4,Obama
2015 Oct 5-11,2015-10-05,2015-10-11,46,50,5,Obama
2015 Sep 28-Oct 4,2015-09-28,2015-10-04,47,49,5,Obama
2015 Sep 21-27,2015-09-21,2015-09-27,48,49,3,Obama
2015 Sep 14-20,2015-09-14,2015-09-20,46,51,4,Obama
2015 Sep 7-13,2015-09-07,2015-09-13,46,49,5,Obama
2015 Aug 31-Sep 6,2015-08-31,2015-09-06,46,50,4,Obama
2015 Aug 24-30,2015-08-24,2015-08-30,46,50,4,Obama
2015 Aug 17-23,2015-08-17,2015-08-23,44,51,5,Obama
2015 Aug 10-16,2015-08-10,2015-08-16,46,49,5,Obama
2015 Aug 3-9,2015-08-03,2015-08-09,46,50,4,Obama
2015 Jul 27-Aug 2,2015-07-27,2015-08-02,46,49,5,Obama
2015 Jul 20-26,2015-07-20,2015-07-26,46,50,5,Obama
2015 Jul 13-19,2015-07-13,2015-07-19,46,48,6,Obama
2015 Jul 6-12,2015-07-06,2015-07-12,46,49,5,Obama
2015 Jun 29-Jul 5,2015-06-29,2015-07-05,46,49,5,Obama
2015 Jun 22-28,2015-06-22,2015-06-28,47,49,5,Obama
2015 Jun 15-21,2015-06-15,2015-06-21,45,50,6,Obama
2015 Jun 8-14,2015-06-08,2015-06-14,45,49,5,Obama
2015 Jun 1-7,2015-06-01,2015-06-07,46,49,5,Obama
2015 May 25-31,2015-05-25,2015-05-31,47,49,5,Obama
2015 May 18-24,2015-05-18,2015-05-24,46,49,5,Obama
2015 May 11-17,2015-05-11,2015-05-17,47,49,5,Obama
2015 May 4-10,2015-05-04,2015-05-10,47,48,5,Obama
2015 Apr 27-May 3,2015-04-27,2015-05-03,48,48,4,Obama
2015 Apr 20-26,2015-04-20,2015-04-26,45,49,6,Obama
2015 Apr 13-19,2015-04-13,2015-04-19,46,50,4,Obama
2015 Apr 6-12,2015-04-06,2015-04-12,48,48,4,Obama
2015 Mar 30-Apr 5,2015-03-30,2015-04-05,47,48,5,Obama
2015 Mar 23-29,2015-03-23,2015-03-29,46,49,5,Obama
2015 Mar 16-22,2015-03-16,2015-03-22,45,50,5,Obama
2015 Mar 9-15,2015-03-09,2015-03-15,47,48,5,Obama
2015 Mar 2-8,2015-03-02,2015-03-08,46,49,5,Obama
2015 Feb 23-Mar 1,2015-02-23,2015-03-01,45,50,5,Obama
2015 Feb 16-22,2015-02-16,2015-02-22,46,49,5,Obama
2015 Feb 9-15,2015-02-09,2015-02-15,47,48,5,Obama
2015 Feb 2-8,2015-02-02,2015-02-08,46,49,5,Obama
2015 Jan 26-Feb 1,2015-01-26,2015-02-01,47,48,5,Obama
2015 Jan 19-25,2015-01-19,2015-01-25,49,47,5,Obama
2015 Jan 12-18,2015-01-12,2015-01-18,46,49,5,Obama
2015 Jan 5-11,2015-01-05,2015-01-11,46,48,7,Obama
2014 Dec 29-2015 Jan 4,2014-12-29,2015-01-04,46,48,5,Obama
2014 Dec 22-28,2014-12-22,2014-12-28,44,50,6,Obama
2014 Dec 15-21,2014-12-15,2014-12-21,45,51,5,Obama
2014 Dec 8-14,2014-12-08,2014-12-14,43,52,5,Obama
2014 Dec 1-7,2014-12-01,2014-12-07,43,52,5,Obama
2014 Nov 24-30,2014-11-24,2014-11-30,43,52,5,Obama
2014 Nov 17-23,2014-11-17,2014-11-23,42,53,5,Obama
2014 Nov 10-16,2014-11-10,2014-11-16,42,52,6,Obama
2014 Nov 3-9,2014-11-03,2014-11-09,40,54,5,Obama
2014 Oct 27-Nov 2,2014-10-27,2014-11-02,42,53,5,Obama
2014 Oct 20-26,2014-10-20,2014-10-26,42,53,5,Obama
2014 Oct 13-19,2014-10-13,2014-10-19,41,54,6,Obama
2014 Oct 6-12,2014-10-06,2014-10-12,41,55,5,Obama
2014 Sep 29-Oct 5,2014-09-29,2014-10-05,43,53,5,Obama
2014 Sep 22-28,2014-09-22,2014-09-28,42,52,6,Obama
2014 Sep 15-21,2014-09-15,2014-09-21,43,52,5,Obama
2014 Sep 8-14,2014-09-08,2014-09-14,41,54,5,Obama
2014 Sep 1-7,2014-09-01,2014-09-07,40,53,7,Obama
2014 Aug 25-31,2014-08-25,2014-08-31,41,53,7,Obama
2014 Aug 18-24,2014-08-18,2014-08-24,43,51,7,Obama
2014 Aug 11-17,2014-08-11,2014-08-17,41,53,6,Obama
2014 Aug 4-10,2014-08-04,2014-08-10,42,52,6,Obama
2014 Jul 28-Aug 3,2014-07-28,2014-08-03,42,54,5,Obama
2014 Jul 21-27,2014-07-21,2014-07-27,41,53,7,Obama
2014 Jul 14-20,2014-07-14,2014-07-20,43,51,6,Obama
2014 Jul 7-13,2014-07-07,2014-07-13,42,53,5,Obama
2014 Jun 30-Jul 6,2014-06-30,2014-07-06,43,52,5,Obama
2014 Jun 23-29,2014-06-23,2014-06-29,42,52,6,Obama
2014 Jun 16-22,2014-06-16,2014-06-22,41,55,5,Obama
2014 Jun 9-15,2014-06-09,2014-06-15,42,52,6,Obama
2014 Jun 2-8,2014-06-02,2014-06-08,44,50,6,Obama
2014 May 26-Jun 1,2014-05-26,2014-06-01,44,51,5,Obama
2014 May 19-25,2014-05-19,2014-05-25,43,52,5,Obama
2014 May 12-18,2014-05-12,2014-05-18,44,51,5,Obama
2014 May 5-11,2014-05-05,2014-05-11,45,50,5,Obama
2014 Apr 28-May 4,2014-04-28,2014-05-04,44,50,6,Obama
2014 Apr 21-27,2014-04-21,2014-04-27,44,50,5,Obama
2014 Apr 14-20,2014-04-14,2014-04-20,44,50,6,Obama
2014 Apr 7-13,2014-04-07,2014-04-13,43,51,6,Obama
2014 Mar 31-Apr 6,2014-03-31,2014-04-06,44,51,5,Obama
2014 Mar 24-30,2014-03-24,2014-03-30,43,52,5,Obama
2014 Mar 17-23,2014-03-17,2014-03-23,44,51,5,Obama
2014 Mar 10-16,2014-03-10,2014-03-16,40,54,5,Obama
2014 Mar 3-9,2014-03-03,2014-03-09,43,53,4,Obama
2014 Feb 24-Mar 2,2014-02-24,2014-03-02,42,54,4,Obama
2014 Feb 17-23,2014-02-17,2014-02-23,45,51,5,Obama
2014 Feb 10-16,2014-02-10,2014-02-16,40,53,8,Obama
2014 Feb 3-9,2014-02-03,2014-02-09,41,51,8,Obama
2014 Jan 27-Feb 2,2014-01-27,2014-02-02,42,50,8,Obama
2014 Jan 20-26,2014-01-20,2014-01-26,42,50,9,Obama
2014 Jan 13-19,2014-01-13,2014-01-19,40,52,9,Obama
2014 Jan 6-12,2014-01-06,2014-01-12,41,51,8,Obama
2014 Jan 1-5,2014-01-01,2014-01-05,41,53,6,Obama
2013 Dec 23-29,2013-12-23,2013-12-29,43,51,7,Obama
2013 Dec 16-22,2013-12-16,2013-12-22,40,52,8,Obama
2013 Dec 9-15,2013-12-09,2013-12-15,42,50,9,Obama
2013 Dec 2-8,2013-12-02,2013-12-08,41,51,9,Obama
2013 Nov 25-Dec 1,2013-11-25,2013-12-01,42,52,7,Obama
2013 Nov 18-24,2013-11-18,2013-11-24,40,53,7,Obama
2013 Nov 11-17,2013-11-11,2013-11-17,41,52,7,Obama
2013 Nov 4-10,2013-11-04,2013-11-10,41,52,7,Obama
2013 Oct 28-Nov 3,2013-10-28,2013-11-03,41,52,8,Obama
2013 Oct 21-27,2013-10-21,2013-10-27,43,50,7,Obama
2013 Oct 14-20,2013-10-14,2013-10-20,43,51,7,Obama
2013 Oct 7-13,2013-10-07,2013-10-13,42,52,6,Obama
2013 Sep 30-Oct 6,2013-09-30,2013-10-06,44,50,7,Obama
2013 Sep 23-29,2013-09-23,2013-09-29,45,48,7,Obama
2013 Sep 16-22,2013-09-16,2013-09-22,44,47,8,Obama
2013 Sep 9-15,2013-09-09,2013-09-15,45,46,9,Obama
2013 Sep 2-8,2013-09-02,2013-09-08,44,48,8,Obama
2013 Aug 26-Sep 1,2013-08-26,2013-09-01,44,48,8,Obama
2013 Aug 19-25,2013-08-19,2013-08-25,46,46,8,Obama
2013 Aug 12-18,2013-08-12,2013-08-18,46,45,8,Obama
2013 Aug 5-11,2013-08-05,2013-08-11,44,48,8,Obama
2013 Jul 29-Aug 4,2013-07-29,2013-08-04,45,48,8,Obama
2013 Jul 22-28,2013-07-22,2013-07-28,46,47,8,Obama
2013 Jul 15-21,2013-07-15,2013-07-21,47,46,7,Obama
2013 Jul 8-14,2013-07-08,2013-07-14,46,47,8,Obama
2013 Jul 1-7,2013-07-01,2013-07-07,46,46,8,Obama
2013 Jun 24-30,2013-06-24,2013-06-30,47,45,8,Obama
2013 Jun 17-23,2013-06-17,2013-06-23,46,46,8,Obama
2013 Jun 10-16,2013-06-10,2013-06-16,47,46,8,Obama
2013 Jun 3-9,2013-06-03,2013-06-09,48,45,8,Obama
2013 May 27-Jun 2,2013-05-27,2013-06-02,48,44,8,Obama
2013 May 20-26,2013-05-20,2013-05-26,49,44,8,Obama
2013 May 13-19,2013-05-13,2013-05-19,49,44,6,Obama
2013 May 6-12,2013-05-06,2013-05-12,49,44,7,Obama
2013 Apr 29-May 5,2013-04-29,2013-05-05,50,44,6,Obama
2013 Apr 22-28,2013-04-22,2013-04-28,51,42,7,Obama
2013 Apr 15-21,2013-04-15,2013-04-21,50,43,7,Obama
2013 Apr 8-14,2013-04-08,2013-04-14,49,45,6,Obama
2013 Apr 1-7,2013-04-01,2013-04-07,48,45,7,Obama
2013 Mar 25-31,2013-03-25,2013-03-31,48,45,7,Obama
2013 Mar 18-24,2013-03-18,2013-03-24,47,45,8,Obama
2013 Mar 11-17,2013-03-11,2013-03-17,48,46,6,Obama
2013 Mar 4-10,2013-03-04,2013-03-10,49,44,7,Obama
2013 Feb 25-Mar 3,2013-02-25,2013-03-03,49,44,7,Obama
2013 Feb 18-24,2013-02-18,2013-02-24,51,42,7,Obama
2013 Feb 11-17,2013-02-11,2013-02-17,51,43,6,Obama
2013 Feb 4-10,2013-02-04,2013-02-10,52,42,6,Obama
2013 Jan 28-Feb 3,2013-01-28,2013-02-03,53,42,6,Obama
2013 Jan 21-27,2013-01-21,2013-01-27,52,43,5,Obama
2013 Jan 14-20,2013-01-14,2013-01-20,50,43,7,Obama
2013 Jan 7-13,2013-01-07,2013-01-13,54,41,6,Obama
2013 Jan 1-6,2013-01-01,2013-01-06,53,40,7,Obama
2012 Dec 24-30,2012-12-24,2012-12-30,53,41,6,Obama
2012 Dec 17-23,2012-12-17,2012-12-23,57,37,7,Obama
2012 Dec 10-16,2012-12-10,2012-12-16,52,40,8,Obama
2012 Dec 3-9,2012-12-03,2012-12-09,50,44,6,Obama
2012 Nov 26-Dec 2,2012-11-26,2012-12-02,51,42,6,Obama
2012 Nov 19-25,2012-11-19,2012-11-25,52,40,8,Obama
2012 Nov 12-18,2012-11-12,2012-11-18,53,41,6,Obama
2012 Nov 5-11,2012-11-05,2012-11-11,51,43,6,Obama
2012 Oct 29-Nov 4,2012-10-29,2012-11-04,52,45,3,Obama
2012 Oct 22-28,2012-10-22,2012-10-28,50,45,5,Obama
2012 Oct 15-21,2012-10-15,2012-10-21,50,45,5,Obama
2012 Oct 8-14,2012-10-08,2012-10-14,50,45,6,Obama
2012 Oct 1-7,2012-10-01,2012-10-07,52,43,5,Obama
2012 Sep 24-30,2012-09-24,2012-09-30,48,45,6,Obama
2012 Sep 17-23,2012-09-17,2012-09-23,49,45,6,Obama
2012 Sep 10-16,2012-09-10,2012-09-16,50,44,7,Obama
2012 Sep 3-9,2012-09-03,2012-09-09,50,44,6,Obama
2012 Aug 27-Sep 2,2012-08-27,2012-09-02,44,47,8,Obama
2012 Aug 20-26,2012-08-20,2012-08-26,46,47,7,Obama
2012 Aug 13-19,2012-08-13,2012-08-19,45,49,6,Obama
2012 Aug 6-12,2012-08-06,2012-08-12,45,49,7,Obama
2012 Jul 30-Aug 5,2012-07-30,2012-08-05,45,48,7,Obama
2012 Jul 23-29,2012-07-23,2012-07-29,47,47,7,Obama
2012 Jul 16-22,2012-07-16,2012-07-22,45,48,7,Obama
2012 Jul 9-15,2012-07-09,2012-07-15,46,47,8,Obama
2012 Jul 2-8,2012-07-02,2012-07-08,45,46,9,Obama
2012 Jun 25-Jul 1,2012-06-25,2012-07-01,47,46,7,Obama
2012 Jun 18-24,2012-06-18,2012-06-24,46,48,6,Obama
2012 Jun 11-17,2012-06-11,2012-06-17,46,48,7,Obama
2012 Jun 4-10,2012-06-04,2012-06-10,47,46,7,Obama
2012 May 28-Jun 3,2012-05-28,2012-06-03,46,46,8,Obama
2012 May 21-27,2012-05-21,2012-05-27,48,46,6,Obama
2012 May 14-20,2012-05-14,2012-05-20,47,46,7,Obama
2012 May 7-13,2012-05-07,2012-05-13,47,47,7,Obama
2012 Apr 30-May 6,2012-04-30,2012-05-06,48,46,6,Obama
2012 Apr 23-29,2012-04-23,2012-04-29,48,46,6,Obama
2012 Apr 16-22,2012-04-16,2012-04-22,48,46,7,Obama
2012 Apr 9-15,2012-04-09,2012-04-15,47,46,7,Obama
2012 Apr 2-8,2012-04-02,2012-04-08,47,46,8,Obama
2012 Mar 26-Apr 1,2012-03-26,2012-04-01,46,45,9,Obama
2012 Mar 19-25,2012-03-19,2012-03-25,46,45,8,Obama
2012 Mar 12-18,2012-03-12,2012-03-18,46,47,7,Obama
2012 Mar 5-11,2012-03-05,2012-03-11,48,44,8,Obama
2012 Feb 27-Mar 4,2012-02-27,2012-03-04,45,48,6,Obama
2012 Feb 20-26,2012-02-20,2012-02-26,45,47,8,Obama
2012 Feb 13-19,2012-02-13,2012-02-19,45,47,8,Obama
2012 Feb 6-12,2012-02-06,2012-02-12,47,47,6,Obama
2012 Jan 30-Feb 5,2012-01-30,2012-02-05,46,47,8,Obama
2012 Jan 23-29,2012-01-23,2012-01-29,45,48,8,Obama
2012 Jan 16-22,2012-01-16,2012-01-22,45,46,9,Obama
2012 Jan 9-15,2012-01-09,2012-01-15,45,47,8,Obama
2012 Jan 2-8,2012-01-02,2012-01-08,46,47,8,Obama
2011 Dec 26-2012 Jan 1,2011-12-26,2012-01-01,42,49,9,Obama
2011 Dec 19-25,2011-12-19,2011-12-25,45,47,8,Obama
2011 Dec 12-18,2011-12-12,2011-12-18,42,50,8,Obama
2011 Dec 5-11,2011-12-05,2011-12-11,43,50,7,Obama
2011 Nov 28-Dec 4,2011-11-28,2011-12-04,42,50,8,Obama
2011 Nov 21-27,2011-11-21,2011-11-27,43,49,8,Obama
2011 Nov 14-20,2011-11-14,2011-11-20,43,49,9,Obama
2011 Nov 7-13,2011-11-07,2011-11-13,43,48,9,Obama
2011 Oct 31-Nov 6,2011-10-31,2011-11-06,43,50,8,Obama
2011 Oct 24-30,2011-10-24,2011-10-30,43,49,8,Obama
2011 Oct 17-23,2011-10-17,2011-10-23,41,51,8,Obama
2011 Oct 10-16,2011-10-10,2011-10-16,41,52,8,Obama
2011 Oct 3-9,2011-10-03,2011-10-09,40,53,8,Obama
2011 Sep 26-Oct 2,2011-09-26,2011-10-02,41,50,9,Obama
2011 Sep 19-25,2011-09-19,2011-09-25,41,51,8,Obama
2011 Sep 12-18,2011-09-12,2011-09-18,40,52,8,Obama
2011 Sep 5-11,2011-09-05,2011-09-11,43,49,8,Obama
2011 Aug 29-Sept 4,2011-08-29,2011-09-04,42,51,8,Obama
2011 Aug 22-28,2011-08-22,2011-08-28,40,53,8,Obama
2011 Aug 15-21,2011-08-15,2011-08-21,40,53,7,Obama
2011 Aug 8-14,2011-08-08,2011-08-14,40,52,8,Obama
2011 Aug 1-7,2011-08-01,2011-08-07,42,50,8,Obama
2011 Jul 25-31,2011-07-25,2011-07-31,42,49,8,Obama
2011 Jul 18-24,2011-07-18,2011-07-24,43,48,8,Obama
2011 Jul 11-17,2011-07-11,2011-07-17,44,48,8,Obama
2011 Jul 4-10,2011-07-04,2011-07-10,46,45,9,Obama
2011 Jun 27-Jul 3,2011-06-27,2011-07-03,46,47,8,Obama
2011 Jun 20-26,2011-06-20,2011-06-26,43,49,7,Obama
2011 Jun 13-19,2011-06-13,2011-06-19,47,45,8,Obama
2011 Jun 6-12,2011-06-06,2011-06-12,46,44,9,Obama
2011 May 30-Jun 5,2011-05-30,2011-06-05,50,42,8,Obama
2011 May 23-29,2011-05-23,2011-05-29,49,43,8,Obama
2011 May 16-22,2011-05-16,2011-05-22,50,43,8,Obama
2011 May 9-15,2011-05-09,2011-05-15,49,43,8,Obama
2011 May 2-8,2011-05-02,2011-05-08,51,40,9,Obama
2011 Apr 25-May 1,2011-04-25,2011-05-01,44,47,9,Obama
2011 Apr 18-24,2011-04-18,2011-04-24,43,48,9,Obama
2011 Apr 11-17,2011-04-11,2011-04-17,43,48,9,Obama
2011 Apr 4-10,2011-04-04,2011-04-10,45,46,9,Obama
2011 Mar 28-Apr 3,2011-03-28,2011-04-03,48,44,8,Obama
2011 Mar 21-27,2011-03-21,2011-03-27,45,47,8,Obama
2011 Mar 14-20,2011-03-14,2011-03-20,48,44,9,Obama
2011 Mar 7-13,2011-03-07,2011-03-13,47,45,9,Obama
2011 Feb 28-Mar 6,2011-02-28,2011-03-06,46,46,8,Obama
2011 Feb 21-27,2011-02-21,2011-02-27,48,44,8,Obama
2011 Feb 14-20,2011-02-14,2011-02-20,48,43,9,Obama
2011 Feb 7-13,2011-02-07,2011-02-13,48,43,8,Obama
2011 Jan 31-Feb 6,2011-01-31,2011-02-06,47,45,8,Obama
2011 Jan 24-30,2011-01-24,2011-01-30,50,42,9,Obama
2011 Jan 17-23,2011-01-17,2011-01-23,50,42,8,Obama
2011 Jan 10-16,2011-01-10,2011-01-16,49,42,9,Obama
2011 Jan 3-9,2011-01-03,2011-01-09,48,45,7,Obama
2010 Dec 27-2011 Jan 2,2010-12-27,2011-01-02,48,44,8,Obama
2010 Dec 20-26,2010-12-20,2010-12-26,47,46,7,Obama
2010 Dec 13-19,2010-12-13,2010-12-19,46,46,9,Obama
2010 Dec 6-12,2010-12-06,2010-12-12,45,48,7,Obama
2010 Nov 29-Dec 5,2010-11-29,2010-12-05,46,46,9,Obama
2010 Nov 22-28,2010-11-22,2010-11-28,45,47,9,Obama
2010 Nov 15-21,2010-11-15,2010-11-21,46,46,7,Obama
2010 Nov 8-14,2010-11-08,2010-11-14,44,48,8,Obama
2010 Nov 1-7,2010-11-01,2010-11-07,45,47,8,Obama
2010 Oct 25-31,2010-10-25,2010-10-31,45,48,7,Obama
2010 Oct 18-24,2010-10-18,2010-10-24,44,48,8,Obama
2010 Oct 11-17,2010-10-11,2010-10-17,45,47,9,Obama
2010 Oct 4-10,2010-10-04,2010-10-10,46,48,7,Obama
2010 Sep 27-Oct 3,2010-09-27,2010-10-03,46,47,7,Obama
2010 Sep 20-26,2010-09-20,2010-09-26,44,48,8,Obama
2010 Sep 13-19,2010-09-13,2010-09-19,46,47,7,Obama
2010 Sep 6-12,2010-09-06,2010-09-12,46,46,8,Obama
2010 Aug 30-Sep 5,2010-08-30,2010-09-05,45,47,8,Obama
2010 Aug 23-29,2010-08-23,2010-08-29,43,49,8,Obama
2010 Aug 16-22,2010-08-16,2010-08-22,43,50,7,Obama
2010 Aug 9-15,2010-08-09,2010-08-15,44,48,8,Obama
2010 Aug 2-8,2010-08-02,2010-08-08,45,48,7,Obama
2010 Jul 26-Aug 1,2010-07-26,2010-08-01,45,47,8,Obama
2010 Jul 19-25,2010-07-19,2010-07-25,45,47,8,Obama
2010 Jul 12-18,2010-07-12,2010-07-18,46,46,8,Obama
2010 Jul 5-11,2010-07-05,2010-07-11,46,47,7,Obama
2010 Jun 28-Jul 4,2010-06-28,2010-07-04,46,45,9,Obama
2010 Jun 21-27,2010-06-21,2010-06-27,45,46,9,Obama
2010 Jun 14-20,2010-06-14,2010-06-20,47,45,8,Obama
2010 Jun 7-13,2010-06-07,2010-06-13,46,46,8,Obama
2010 May 31-Jun 6,2010-05-31,2010-06-06,47,45,8,Obama
2010 May 24-30,2010-05-24,2010-05-30,46,46,8,Obama
2010 May 17-23,2010-05-17,2010-05-23,48,45,8,Obama
2010 May 10-16,2010-05-10,2010-05-16,49,43,7,Obama
2010 May 3-9,2010-05-03,2010-05-09,50,43,8,Obama
2010 Apr 26-May 2,2010-04-26,2010-05-02,48,45,7,Obama
2010 Apr 19-25,2010-04-19,2010-04-25,50,43,7,Obama
2010 Apr 12-18,2010-04-12,2010-04-18,48,45,7,Obama
2010 Apr 5-11,2010-04-05,2010-04-11,47,46,6,Obama
2010 Mar 29-Apr 4,2010-03-29,2010-04-04,49,44,7,Obama
2010 Mar 22-28,2010-03-22,2010-03-28,49,44,7,Obama
2010 Mar 15-21,2010-03-15,2010-03-21,48,45,7,Obama
2010 Mar 8-14,2010-03-08,2010-03-14,48,45,8,Obama
2010 Mar 1-7,2010-03-01,2010-03-07,49,44,7,Obama
2010 Feb 22-28,2010-02-22,2010-02-28,50,43,7,Obama
2010 Feb 15-21,2010-02-15,2010-02-21,49,43,8,Obama
2010 Feb 8-14,2010-02-08,2010-02-14,51,42,7,Obama
2010 Feb 1-7,2010-02-01,2010-02-07,50,43,8,Obama
2010 Jan 25-31,2010-01-25,2010-01-31,48,45,7,Obama
2010 Jan 18-24,2010-01-18,2010-01-24,49,46,6,Obama
2010 Jan 11-17,2010-01-11,2010-01-17,50,43,7,Obama
2010 Jan 4-10,2010-01-04,2010-01-10,51,43,7,Obama
2009 Dec 28-2010 Jan 3,2009-12-28,2010-01-03,51,43,7,Obama
2009 Dec 21-27,2009-12-21,2009-12-27,51,43,7,Obama
2009 Dec 14-20,2009-12-14,2009-12-20,50,43,7,Obama
2009 Dec 7-13,2009-12-07,2009-12-13,49,42,8,Obama
2009 Nov 30-Dec 6,2009-11-30,2009-12-06,50,44,7,Obama
2009 Nov 23-29,2009-11-23,2009-11-29,50,42,8,Obama
2009 Nov 16-22,2009-11-16,2009-11-22,49,44,7,Obama
2009 Nov 9-15,2009-11-09,2009-11-15,53,39,8,Obama
2009 Nov 2-8,2009-11-02,2009-11-08,52,42,6,Obama
2009 Oct 26-Nov 1,2009-10-26,2009-11-01,53,41,7,Obama
2009 Oct 19-25,2009-10-19,2009-10-25,53,39,8,Obama
2009 Oct 12-18,2009-10-12,2009-10-18,52,41,7,Obama
2009 Oct 5-11,2009-10-05,2009-10-11,54,38,8,Obama
2009 Sep 28-Oct 4,2009-09-28,2009-10-04,52,40,8,Obama
2009 Sep 21-27,2009-09-21,2009-09-27,51,41,7,Obama
2009 Sep 14-20,2009-09-14,2009-09-20,52,41,7,Obama
2009 Sep 7-13,2009-09-07,2009-09-13,52,41,7,Obama
2009 Aug 31-Sep 6,2009-08-31,2009-09-06,53,40,7,Obama
2009 Aug 24-30,2009-08-24,2009-08-30,50,43,7,Obama
2009 Aug 17-23,2009-08-17,2009-08-23,52,41,7,Obama
2009 Aug 10-16,2009-08-10,2009-08-16,54,40,7,Obama
2009 Aug 3-9,2009-08-03,2009-08-09,56,37,7,Obama
2009 Jul 27-Aug 2,2009-07-27,2009-08-02,54,39,7,Obama
2009 Jul 20-26,2009-07-20,2009-07-26,56,38,7,Obama
2009 Jul 13-19,2009-07-13,2009-07-19,59,33,7,Obama
2009 Jul 6-12,2009-07-06,2009-07-12,58,34,7,Obama
2009 Jun 29-Jul 5,2009-06-29,2009-07-05,60,32,8,Obama
2009 Jun 22-28,2009-06-22,2009-06-28,60,33,7,Obama
2009 Jun 15-21,2009-06-15,2009-06-21,59,34,7,Obama
2009 Jun 8-14,2009-06-08,2009-06-14,61,31,8,Obama
2009 Jun 1-7,2009-06-01,2009-06-07,62,31,7,Obama
2009 May 25-31,2009-05-25,2009-05-31,63,30,7,Obama
2009 May 18-24,2009-05-18,2009-05-24,64,28,8,Obama
2009 May 11-17,2009-05-11,2009-05-17,64,29,8,Obama
2009 May 4-10,2009-05-04,2009-05-10,66,27,7,Obama
2009 Apr 27-May 3,2009-04-27,2009-05-03,65,29,6,Obama
2009 Apr 20-26,2009-04-20,2009-04-26,65,29,6,Obama
2009 Apr 13-19,2009-04-13,2009-04-19,62,29,9,Obama
2009 Apr 6-12,2009-04-06,2009-04-12,61,28,11,Obama
2009 Mar 30-Apr 5,2009-03-30,2009-04-05,62,28,10,Obama
2009 Mar 23-29,2009-03-23,2009-03-29,61,29,10,Obama
2009 Mar 16-22,2009-03-16,2009-03-22,63,26,10,Obama
2009 Mar 9-15,2009-03-09,2009-03-15,62,28,11,Obama
2009 Mar 2-8,2009-03-02,2009-03-08,62,27,12,Obama
2009 Feb 23-Mar 1,2009-02-23,2009-03-01,64,23,13,Obama
2009 Feb 16-22,2009-02-16,2009-02-22,62,25,13,Obama
2009 Feb 9-15,2009-02-09,2009-02-15,64,22,14,Obama
2009 Feb 2-8,2009-02-02,2009-02-08,65,21,15,Obama
2009 Jan 26-Feb 1,2009-01-26,2009-02-01,66,18,17,Obama
2009 Jan 21-25,2009-01-21,2009-01-25,67,13,22,Obama
2021 Jan 4-15,2021-01-04,2021-01-15,34,62,4,Trump
2020 Dec 1-17,2020-12-01,2020-12-17,39,57,5,Trump
2020 Nov 5-19,2020-11-05,2020-11-19,43,55,2,Trump
2020 Oct 16-27,2020-10-16,2020-10-27,46,52,1,Trump
2020 Sep 30-Oct 15,2020-09-30,2020-10-15,43,55,2,Trump
2020 Sep 14-28,2020-09-14,2020-09-28,46,52,2,Trump
2020 Aug 31-Sep 13,2020-08-31,2020-09-13,42,56,2,Trump
2020 Jul 30-Aug 12,2020-07-30,2020-08-12,42,55,4,Trump
2020 Jul 1-23,2020-07-01,2020-07-23,41,56,3,Trump
2020 Jun 8-30,2020-06-08,2020-06-30,38,57,4,Trump
2020 May 28-Jun 4,2020-05-28,2020-06-04,39,57,4,Trump
2020 May 1-13,2020-05-01,2020-05-13,49,48,3,Trump
2020 Apr 14-28,2020-04-14,2020-04-28,49,47,4,Trump
2020 Apr 1-14,2020-04-01,2020-04-14,43,54,4,Trump
2020 Mar 13-22,2020-03-13,2020-03-22,49,45,6,Trump
2020 Mar 2-13,2020-03-02,2020-03-13,44,52,4,Trump
2020 Feb 17-28,2020-02-17,2020-02-28,47,51,2,Trump
2020 Feb 3-16,2020-02-03,2020-02-16,49,48,3,Trump
2020 Jan 16-29,2020-01-16,2020-01-29,49,50,1,Trump
2020 Jan 2-15,2020-01-02,2020-01-15,44,53,3,Trump
2019 Dec 2-15,2019-12-02,2019-12-15,45,51,3,Trump
2019 Nov 1-14,2019-11-01,2019-11-14,43,54,3,Trump
2019 Oct 14-31,2019-10-14,2019-10-31,41,57,2,Trump
2019 Oct 1-13,2019-10-01,2019-10-13,39,57,5,Trump
2019 Sep 16-30,2019-09-16,2019-09-30,40,56,3,Trump
2019 Sep 3-15,2019-09-03,2019-09-15,43,54,4,Trump
2019 Aug 15-30,2019-08-15,2019-08-30,39,57,4,Trump
2019 Aug 1-14,2019-08-01,2019-08-14,41,54,5,Trump
2019 Jul 15-31,2019-07-15,2019-07-31,42,54,4,Trump
2019 Jul 1-12,2019-07-01,2019-07-12,44,51,5,Trump
2019 Jun 19-30,2019-06-19,2019-06-30,41,54,5,Trump
2019 Jun 3-16,2019-06-03,2019-06-16,43,55,3,Trump
2019 May 15-30,2019-05-15,2019-05-30,40,55,4,Trump
2019 May 1-12,2019-05-01,2019-05-12,42,52,6,Trump
2019 Apr 17-30,2019-04-17,2019-04-30,46,50,4,Trump
2019 Apr 1-9,2019-04-01,2019-04-09,45,51,4,Trump
2019 Mar 1-10,2019-03-01,2019-03-10,39,57,4,Trump
2019 Feb 12-28,2019-02-12,2019-02-28,43,54,3,Trump
2019 Feb 1-10,2019-02-01,2019-02-10,44,52,4,Trump
2019 Jan 21-27,2019-01-21,2019-01-27,37,59,3,Trump
2019 Jan 2-10,2019-01-02,2019-01-10,37,59,4,Trump
2018 Dec 17-22,2018-12-17,2018-12-22,39,55,5,Trump
2018 Dec 10-16,2018-12-10,2018-12-16,38,57,4,Trump
2018 Dec 3-9,2018-12-03,2018-12-09,40,56,4,Trump
2018 Nov 26-Dec 2,2018-11-26,2018-12-02,40,56,4,Trump
2018 Nov 19-25,2018-11-19,2018-11-25,38,60,3,Trump
2018 Nov 12-18,2018-11-12,2018-11-18,43,53,4,Trump
2018 Nov 5-11,2018-11-05,2018-11-11,38,56,5,Trump
2018 Oct 29-Nov 4,2018-10-29,2018-11-04,40,54,6,Trump
2018 Oct 22-28,2018-10-22,2018-10-28,40,54,6,Trump
2018 Oct 15-21,2018-10-15,2018-10-21,44,50,6,Trump
2018 Oct 8-14,2018-10-08,2018-10-14,44,51,5,Trump
2018 Oct 1-7,2018-10-01,2018-10-07,43,53,5,Trump
2018 Sep 24-30,2018-09-24,2018-09-30,42,53,5,Trump
2018 Sep 17-23,2018-09-17,2018-09-23,40,56,5,Trump
2018 Sep 10-16,2018-09-10,2018-09-16,38,56,6,Trump
2018 Sep 3-9,2018-09-03,2018-09-09,40,54,5,Trump
2018 Aug 27-Sep 2,2018-08-27,2018-09-02,41,53,6,Trump
2018 Aug 20-26,2018-08-20,2018-08-26,41,54,5,Trump
2018 Aug 13-19,2018-08-13,2018-08-19,42,52,7,Trump
2018 Aug 6-12,2018-08-06,2018-08-12,39,56,5,Trump
2018 Jul 30-Aug 5,2018-07-30,2018-08-05,41,54,5,Trump
2018 Jul 23-29,2018-07-23,2018-07-29,40,55,6,Trump
2018 Jul 16-22,2018-07-16,2018-07-22,42,54,4,Trump
2018 Jul 9-15,2018-07-09,2018-07-15,43,52,4,Trump
2018 Jul 2-8,2018-07-02,2018-07-08,41,56,4,Trump
2018 Jun 25-Jul 1,2018-06-25,2018-07-01,42,53,5,Trump
2018 Jun 18-24,2018-06-18,2018-06-24,41,55,3,Trump
2018 Jun 11-17,2018-06-11,2018-06-17,45,50,4,Trump
2018 Jun 4-10,2018-06-04,2018-06-10,42,54,4,Trump
2018 May 28-Jun 3,2018-05-28,2018-06-03,41,55,4,Trump
2018 May 21-27,2018-05-21,2018-05-27,40,55,6,Trump
2018 May 14-20,2018-05-14,2018-05-20,42,54,5,Trump
2018 May 7-13,2018-05-07,2018-05-13,43,52,5,Trump
2018 Apr 30-May 6,2018-04-30,2018-05-06,42,52,5,Trump
2018 Apr 23-29,2018-04-23,2018-04-29,42,53,5,Trump
2018 Apr 16-22,2018-04-16,2018-04-22,38,57,6,Trump
2018 Apr 9-15,2018-04-09,2018-04-15,39,55,6,Trump
2018 Apr 2-8,2018-04-02,2018-04-08,41,54,5,Trump
2018 Mar 26-Apr 1,2018-03-26,2018-04-01,39,56,5,Trump
2018 Mar 19-25,2018-03-19,2018-03-25,39,55,5,Trump
2018 Mar 12-18,2018-03-12,2018-03-18,40,56,4,Trump
2018 Mar 5-11,2018-03-05,2018-03-11,39,56,4,Trump
2018 Feb 26-Mar 4,2018-02-26,2018-03-04,39,55,6,Trump
2018 Feb 19-25,2018-02-19,2018-02-25,39,56,5,Trump
2018 Feb 12-18,2018-02-12,2018-02-18,37,59,4,Trump
2018 Feb 5-11,2018-02-05,2018-02-11,40,57,3,Trump
2018 Jan 29-Feb 4,2018-01-29,2018-02-04,40,57,3,Trump
2018 Jan 22-28,2018-01-22,2018-01-28,38,57,5,Trump
2018 Jan 15-21,2018-01-15,2018-01-21,36,59,5,Trump
2018 Jan 8-14,2018-01-08,2018-01-14,38,57,5,Trump
2018 Jan 1-7,2018-01-01,2018-01-07,37,58,4,Trump
2017 Dec 25-31,2017-12-25,2017-12-31,39,55,6,Trump
2017 Dec 18-24,2017-12-18,2017-12-24,37,57,6,Trump
2017 Dec 11-17,2017-12-11,2017-12-17,35,60,5,Trump
2017 Dec 4-10,2017-12-04,2017-12-10,36,59,5,Trump
2017 Nov 27-Dec 3,2017-11-27,2017-12-03,35,59,5,Trump
2017 Nov 20-26,2017-11-20,2017-11-26,37,56,7,Trump
2017 Nov 13-19,2017-11-13,2017-11-19,38,57,6,Trump
2017 Nov 6-12,2017-11-06,2017-11-12,38,56,6,Trump
2017 Oct 30-Nov 5,2017-10-30,2017-11-05,38,58,5,Trump
2017 Oct 23-29,2017-10-23,2017-10-29,35,60,5,Trump
2017 Oct 16-22,2017-10-16,2017-10-22,36,58,6,Trump
2017 Oct 9-15,2017-10-09,2017-10-15,37,57,6,Trump
2017 Oct 2-8,2017-10-02,2017-10-08,38,56,6,Trump
2017 Sep 25-Oct 1,2017-09-25,2017-10-01,37,58,5,Trump
2017 Sep 18-24,2017-09-18,2017-09-24,38,55,6,Trump
2017 Sep 11-17,2017-09-11,2017-09-17,38,57,6,Trump
2017 Sep 4-10,2017-09-04,2017-09-10,37,57,6,Trump
2017 Aug 28-Sep 3,2017-08-28,2017-09-03,36,59,6,Trump
2017 Aug 21-27,2017-08-21,2017-08-27,35,60,5,Trump
2017 Aug 14-20,2017-08-14,2017-08-20,37,58,6,Trump
2017 Aug 7-13,2017-08-07,2017-08-13,36,58,6,Trump
2017 Jul 31-Aug 6,2017-07-31,2017-08-06,37,58,5,Trump
2017 Jul 24-30,2017-07-24,2017-07-30,38,57,5,Trump
2017 Jul 17-23,2017-07-17,2017-07-23,37,58,5,Trump
2017 Jul 10-16,2017-07-10,2017-07-16,39,56,6,Trump
2017 Jul 3-9,2017-07-03,2017-07-09,38,57,5,Trump
2017 Jun 26-Jul 2,2017-06-26,2017-07-02,39,56,5,Trump
2017 Jun 19-25,2017-06-19,2017-06-25,39,56,5,Trump
2017 Jun 12-18,2017-06-12,2017-06-18,38,57,6,Trump
2017 Jun 5-11,2017-06-05,2017-06-11,37,58,5,Trump
2017 May 29-Jun 4,2017-05-29,2017-06-04,38,56,6,Trump
2017 May 22-28,2017-05-22,2017-05-28,41,54,5,Trump
2017 May 15-21,2017-05-15,2017-05-21,38,56,6,Trump
2017 May 8-14,2017-05-08,2017-05-14,38,56,6,Trump
2017 May 1-7,2017-05-01,2017-05-07,42,53,6,Trump
2017 Apr 24-30,2017-04-24,2017-04-30,41,54,5,Trump
2017 Apr 17-23,2017-04-17,2017-04-23,41,52,7,Trump
2017 Apr 10-16,2017-04-10,2017-04-16,40,54,6,Trump
2017 Apr 3-9,2017-04-03,2017-04-09,40,53,7,Trump
2017 Mar 27-Apr 2,2017-03-27,2017-04-02,38,57,5,Trump
2017 Mar 20-26,2017-03-20,2017-03-26,39,56,6,Trump
2017 Mar 13-19,2017-03-13,2017-03-19,40,55,5,Trump
2017 Mar 6-12,2017-03-06,2017-03-12,42,52,6,Trump
2017 Feb 27-Mar 5,2017-02-27,2017-03-05,43,51,6,Trump
2017 Feb 20-26,2017-02-20,2017-02-26,42,53,5,Trump
2017 Feb 13-19,2017-02-13,2017-02-19,40,54,5,Trump
2017 Feb 6-12,2017-02-06,2017-02-12,41,53,6,Trump
2017 Jan 30-Feb 5,2017-01-30,2017-02-05,43,52,5,Trump
2017 Jan 20-29,2017-01-20,2017-01-29,45,47,8,Trump
